﻿<?xml version="1.0" encoding="utf-8" ?>
<resources>
  <style name="MyTheme" parent="@android:style/Theme.Material.Light.DarkActionBar">
	<item name="android:windowBackground">@android:color/white</item>
    <item name="android:colorPrimaryDark">@color/primary_dark</item>
    <item name="android:colorPrimary">@color/primary</item>
    <item name="android:colorAccent">@color/accent</item>
    <item name="android:windowContentTransitions">true</item>
    <item name="android:windowAllowEnterTransitionOverlap">true</item>
    <item name="android:windowAllowReturnTransitionOverlap">true</item>
    <item name="android:windowSharedElementEnterTransition">@android:transition/move</item>
    <item name="android:windowSharedElementExitTransition">@android:transition/move</item>
    <item name="android:actionBarStyle">@style/MyTheme.ActionBarStyle</item>
  </style>
</resources>