﻿<?xml version="1.0" encoding="UTF-8" ?>
<resources> 
  <style name="MyTheme.Base" parent="@android:style/Theme.Holo.Light.DarkActionBar"> 
  </style> 
  <style name="MyTheme" parent="MyTheme.Base"> 
   <item name="android:windowBackground">@android:color/white</item>
   <item name="android:actionBarStyle">@style/MyTheme.ActionBarStyle</item> 
  </style>   
  <style name="MyTheme.ActionBarStyle" parent="@android:style/Widget.Holo.Light.ActionBar"> 
  	<item name="android:titleTextStyle">@style/MyTheme.ActionBar.TitleTextStyle</item> 
  	<item name="android:background">@color/primary</item> 
  </style>   
  <style name="MyTheme.ActionBar.TitleTextStyle" parent="@android:style/TextAppearance.Holo.Widget.ActionBar.Title"> 
  	<item name="android:textColor">@android:color/white</item> 
  </style>   
</resources> 