<?xml version="1.0" encoding="utf-8" ?>
<SampleMetadata>
	<ID>C590db584-1d20-43c1-9741-63f8537d49b6</ID>
	<IsFullApplication>true</IsFullApplication>
	<Brief>This sample demonstrates a Todo list application where the data is stored and accessed from a SimpleDB service in Amazon Web Services, with authentication occuring with a Google login.</Brief>
	<Level>Advanced</Level>
	<LicenseRequirement>Indie</LicenseRequirement>
	<Tags>Web Services, Xamarin.Forms</Tags>
	<SupportedPlatforms>Android, iOS</SupportedPlatforms>
	<Gallery>true</Gallery>
</SampleMetadata>
