﻿<?xml version="1.0" encoding="UTF-8" ?>

<!-- In a production app/environment, this file should be excluded from being committed to a repo, i.e. add "*/Config/config-sensitive.xml" to your .gitignore file. -->
<!-- The .csproj has a custom PreBuild MSBuild target that copies an empty templated config-sensitive.xml to the ~/Config/ folder before build. -->
<!-- In a production evironment, you could merge your app keys into that templated config-sensitive.xml at build time, thus keeping your sensitive keys out of your repository. -->

<config>
  <!---Azure Active Directory Authentication client id -->
  <azureActiveDirectoryAuthenticationClientId>591ddccc-4dd3-46d8-af4e-7886eb674cb9</azureActiveDirectoryAuthenticationClientId>

  <!---Azure Active Directory Graph API client id -->
  <azureActiveDirectoryGraphApiClientId>c3561526-ca01-442d-8d4d-166a2bc0f743</azureActiveDirectoryGraphApiClientId>

  <!-- This value is only here to further demonstrate how you can put other info in these configs. This value is displayed on the splash screen for demo purposes only. -->
  <azureActiveDirectoryUsername>sally@xamcrm.onmicrosoft.com</azureActiveDirectoryUsername>

  <!-- This value is only here to further demonstrate how you can put other info in these configs. This value is displayed on the splash screen for demo purposes only. -->
  <azureActiveDirectoryPassword>P@ssword</azureActiveDirectoryPassword>

</config>